<?xml version="1.0" encoding="UTF-8"?>
<index>
	<title>Source of AdvancedEffects</title>
	<nodes>
		<node label="src">
			<node label="shaders">
				<node label="crossfade.pbk" url="source/shaders/crossfade.pbk"/>
				<node label="FadeThroughBlack.pbk" url="source/shaders/FadeThroughBlack.pbk"/>
			</node>
			<node icon="mxmlIcon" label="AnimatedCrossfade.mxml" url="source/AnimatedCrossfade.mxml.html"/>
			<node icon="mxmlIcon" label="AnimatedGradient2.mxml" url="source/AnimatedGradient2.mxml.html"/>
			<node icon="mxmlAppIcon" selected="true" label="GlowingFocus.mxml" url="source/GlowingFocus.mxml.html"/>
			<node icon="mxmlIcon" label="ShaderTransitions.mxml" url="source/ShaderTransitions.mxml.html"/>
			<node icon="mxmlIcon" label="ThreeDButtons.mxml" url="source/ThreeDButtons.mxml.html"/>
		</node>
	</nodes>
	<zipfile label="Download source (ZIP, 12K)" url="AdvancedEffects.zip">
	</zipfile>
	<sdklink label="Download Flex SDK" url="http://www.adobe.com/go/flex4_sdk_download">
	</sdklink>
</index>
