<?xml version="1.0" encoding="UTF-8"?>
<index>
	<title>Source of SkinningComponents</title>
	<nodes>
		<node label="src">
			<node icon="packageIcon" label="skins" expanded="true">
				<node icon="mxmlIcon" label="AnimatedSkin.mxml" url="source/skins/AnimatedSkin.mxml.html"/>
				<node icon="mxmlIcon" label="BorderSkin.mxml" url="source/skins/BorderSkin.mxml.html"/>
				<node icon="mxmlIcon" label="FunButtonSkin.mxml" url="source/skins/FunButtonSkin.mxml.html"/>
				<node icon="mxmlIcon" label="GradientBackgroundSkin.mxml" url="source/skins/GradientBackgroundSkin.mxml.html"/>
				<node icon="mxmlIcon" label="JustaLabelSkin.mxml" url="source/skins/JustaLabelSkin.mxml.html"/>
				<node icon="mxmlIcon" label="JustaLabelSkin2.mxml" url="source/skins/JustaLabelSkin2.mxml.html"/>
				<node icon="mxmlIcon" label="PaddedBorderSkin.mxml" url="source/skins/PaddedBorderSkin.mxml.html"/>
				<node icon="mxmlIcon" label="RoundedSkin.mxml" url="source/skins/RoundedSkin.mxml.html"/>
				<node icon="mxmlIcon" label="ShadowedSkin.mxml" url="source/skins/ShadowedSkin.mxml.html"/>
				<node icon="mxmlIcon" label="SolidBackgroundSkin.mxml" url="source/skins/SolidBackgroundSkin.mxml.html"/>
				<node icon="mxmlIcon" label="StatefulSkin.mxml" url="source/skins/StatefulSkin.mxml.html"/>
			</node>
			<node icon="mxmlIcon" label="ButtonButton.mxml" url="source/ButtonButton.mxml.html"/>
			<node icon="mxmlAppIcon" selected="true" label="ButtonSkinSampler.mxml" url="source/ButtonSkinSampler.mxml.html"/>
		</node>
	</nodes>
	<zipfile label="Download source (ZIP, 16K)" url="SkinningComponents.zip">
	</zipfile>
	<sdklink label="Download Flex SDK" url="http://www.adobe.com/go/flex4_sdk_download">
	</sdklink>
</index>
