<?xml version="1.0" encoding="UTF-8"?>
<index>
	<title>Source of PicturePerfekt</title>
	<nodes>
		<node label="src">
			<node icon="packageIcon" label="components" expanded="true">
				<node icon="mxmlIcon" label="ReflexionContainer.mxml" url="source/components/ReflexionContainer.mxml.html"/>
			</node>
			<node label="shaders">
				<node label="grayscaler.pbk" url="source/shaders/grayscaler.pbk"/>
			</node>
			<node icon="mxmlAppIcon" selected="true" label="PicturePerfekt.mxml" url="source/PicturePerfekt.mxml.html"/>
		</node>
	</nodes>
	<zipfile label="Download source (ZIP, 6K)" url="PicturePerfekt.zip">
	</zipfile>
	<sdklink label="Download Flex SDK" url="http://www.adobe.com/go/flex4_sdk_download">
	</sdklink>
</index>
