<?xml version="1.0" encoding="UTF-8"?>
<index>
	<title>Source of States</title>
	<nodes>
		<node label="src">
			<node icon="mxmlIcon" label="SearchMe.mxml" url="source/SearchMe.mxml.html"/>
			<node icon="mxmlAppIcon" selected="true" label="SearchMe2.mxml" url="source/SearchMe2.mxml.html"/>
			<node icon="mxmlIcon" label="StateGroups.mxml" url="source/StateGroups.mxml.html"/>
		</node>
	</nodes>
	<zipfile label="Download source (ZIP, 7K)" url="States.zip">
	</zipfile>
	<sdklink label="Download Flex SDK" url="http://www.adobe.com/go/flex4_sdk_download">
	</sdklink>
</index>
