<?xml version="1.0" encoding="UTF-8"?>
<index>
	<title>Source of Animation</title>
	<nodes>
		<node label="src">
			<node icon="packageIcon" label="utils" expanded="true">
				<node icon="actionScriptIcon" label="AnimationEvent.as" url="source/utils/AnimationEvent.as.html"/>
				<node icon="actionScriptIcon" label="AnimationTargetDispatcher.as" url="source/utils/AnimationTargetDispatcher.as.html"/>
			</node>
			<node icon="mxmlAppIcon" selected="true" label="EnterFrameMover.mxml" url="source/EnterFrameMover.mxml.html"/>
			<node icon="mxmlIcon" label="TimeBasedMover.mxml" url="source/TimeBasedMover.mxml.html"/>
			<node icon="mxmlIcon" label="TimerMover.mxml" url="source/TimerMover.mxml.html"/>
			<node icon="mxmlIcon" label="TimerMoverVariableDelay.mxml" url="source/TimerMoverVariableDelay.mxml.html"/>
		</node>
	</nodes>
	<zipfile label="Download source (ZIP, 10K)" url="Animation.zip">
	</zipfile>
	<sdklink label="Download Flex SDK" url="http://www.adobe.com/go/flex4_sdk_download">
	</sdklink>
</index>
