<?xml version="1.0" encoding="UTF-8"?>
<index>
	<title>Source of Graphics</title>
	<nodes>
		<node label="src">
			<node icon="packageIcon" label="components" expanded="true">
				<node icon="mxmlIcon" label="ControlPanel.mxml" url="source/components/ControlPanel.mxml.html"/>
				<node icon="actionScriptIcon" label="DrawingCanvas.as" url="source/components/DrawingCanvas.as.html"/>
				<node icon="actionScriptIcon" label="DrawingStateChangeEvent.as" url="source/components/DrawingStateChangeEvent.as.html"/>
			</node>
			<node icon="mxmlIcon" label="BitmapImageTest.mxml" url="source/BitmapImageTest.mxml.html"/>
			<node icon="mxmlIcon" label="LinearGradientProperties.mxml" url="source/LinearGradientProperties.mxml.html"/>
			<node icon="mxmlIcon" label="OneLiner.mxml" url="source/OneLiner.mxml.html"/>
			<node icon="mxmlIcon" label="RadialGradientProperties.mxml" url="source/RadialGradientProperties.mxml.html"/>
			<node icon="mxmlIcon" label="Reflexion.mxml" url="source/Reflexion.mxml.html"/>
			<node icon="mxmlIcon" label="Shapely.mxml" url="source/Shapely.mxml.html"/>
			<node icon="mxmlIcon" label="SimpleComponents.mxml" url="source/SimpleComponents.mxml.html"/>
			<node icon="mxmlIcon" label="SimpleObjects.mxml" url="source/SimpleObjects.mxml.html"/>
			<node icon="mxmlAppIcon" selected="true" label="StrokeTest.mxml" url="source/StrokeTest.mxml.html"/>
			<node icon="mxmlIcon" label="ThreeCircles.mxml" url="source/ThreeCircles.mxml.html"/>
		</node>
	</nodes>
	<zipfile label="Download source (ZIP, 18K)" url="Graphics.zip">
	</zipfile>
	<sdklink label="Download Flex SDK" url="http://www.adobe.com/go/flex4_sdk_download">
	</sdklink>
</index>
