<?xml version="1.0" encoding="UTF-8"?>
<index>
	<title>Source of Transitions</title>
	<nodes>
		<node label="src">
			<node icon="mxmlAppIcon" selected="true" label="SearchMeTransition.mxml" url="source/SearchMeTransition.mxml.html"/>
			<node icon="mxmlIcon" label="SimpleTransition.mxml" url="source/SimpleTransition.mxml.html"/>
			<node icon="mxmlIcon" label="TransitionMultiple.mxml" url="source/TransitionMultiple.mxml.html"/>
		</node>
	</nodes>
	<zipfile label="Download source (ZIP, 7K)" url="Transitions.zip">
	</zipfile>
	<sdklink label="Download Flex SDK" url="http://www.adobe.com/go/flex4_sdk_download">
	</sdklink>
</index>
