<?xml version="1.0" encoding="UTF-8"?>
<index>
	<title>Source of AnimationClass</title>
	<nodes>
		<node label="src">
			<node icon="packageIcon" label="utils" expanded="true">
				<node icon="actionScriptIcon" label="AnimationEvent.as" url="source/utils/AnimationEvent.as.html"/>
				<node icon="actionScriptIcon" label="AnimationTargetDispatcher.as" url="source/utils/AnimationTargetDispatcher.as.html"/>
				<node icon="actionScriptIcon" label="CustomEaser.as" url="source/utils/CustomEaser.as.html"/>
				<node icon="actionScriptIcon" label="PointInterpolator.as" url="source/utils/PointInterpolator.as.html"/>
			</node>
			<node icon="mxmlIcon" label="AnimationMover.mxml" url="source/AnimationMover.mxml.html"/>
			<node icon="mxmlIcon" label="AnimationRepeater.mxml" url="source/AnimationRepeater.mxml.html"/>
			<node icon="mxmlAppIcon" selected="true" label="BounceAnimation.mxml" url="source/BounceAnimation.mxml.html"/>
			<node icon="mxmlIcon" label="CustomEaseAnimation.mxml" url="source/CustomEaseAnimation.mxml.html"/>
			<node icon="mxmlIcon" label="EasingSampler.mxml" url="source/EasingSampler.mxml.html"/>
			<node icon="mxmlIcon" label="MotionPathAnimation.mxml" url="source/MotionPathAnimation.mxml.html"/>
			<node icon="mxmlIcon" label="PointAnimation.mxml" url="source/PointAnimation.mxml.html"/>
			<node icon="mxmlIcon" label="SimpleMotionPathAnimation.mxml" url="source/SimpleMotionPathAnimation.mxml.html"/>
			<node icon="mxmlIcon" label="SimpleMotionPathAnimationXY.mxml" url="source/SimpleMotionPathAnimationXY.mxml.html"/>
		</node>
	</nodes>
	<zipfile label="Download source (ZIP, 16K)" url="AnimationClass.zip">
	</zipfile>
	<sdklink label="Download Flex SDK" url="http://www.adobe.com/go/flex4_sdk_download">
	</sdklink>
</index>
