<?xml version="1.0" encoding="UTF-8"?>
<index>
	<title>Source of EffectChoreography</title>
	<nodes>
		<node label="src">
			<node icon="mxmlIcon" label="AddRemoveTransition.mxml" url="source/AddRemoveTransition.mxml.html"/>
			<node icon="mxmlAppIcon" selected="true" label="PanelSequenceParallelSlide.mxml" url="source/PanelSequenceParallelSlide.mxml.html"/>
			<node icon="mxmlIcon" label="PanelSlideFade.mxml" url="source/PanelSlideFade.mxml.html"/>
			<node icon="mxmlIcon" label="ReversingPause.mxml" url="source/ReversingPause.mxml.html"/>
		</node>
	</nodes>
	<zipfile label="Download source (ZIP, 8K)" url="EffectChoreography.zip">
	</zipfile>
	<sdklink label="Download Flex SDK" url="http://www.adobe.com/go/flex4_sdk_download">
	</sdklink>
</index>
