<?xml version="1.0" encoding="UTF-8"?>
<index>
	<title>Source of Filters</title>
	<nodes>
		<node label="src">
			<node icon="packageIcon" label="components" expanded="true">
				<node icon="mxmlIcon" label="ReflexionContainer.mxml" url="source/components/ReflexionContainer.mxml.html"/>
			</node>
			<node label="shaders">
				<node label="grayscaler.pbk" url="source/shaders/grayscaler.pbk"/>
			</node>
			<node icon="mxmlIcon" label="BlurGlowShadow.mxml" url="source/BlurGlowShadow.mxml.html"/>
			<node icon="mxmlIcon" label="BlurSize.mxml" url="source/BlurSize.mxml.html"/>
			<node icon="mxmlIcon" label="FilterProperties.mxml" url="source/FilterProperties.mxml.html"/>
			<node icon="mxmlIcon" label="Grayer.mxml" url="source/Grayer.mxml.html"/>
			<node icon="mxmlIcon" label="Sharpen.mxml" url="source/Sharpen.mxml.html"/>
			<node icon="mxmlIcon" label="ShiftingShadows.mxml" url="source/ShiftingShadows.mxml.html"/>
			<node icon="mxmlIcon" label="SimpleBlur.mxml" url="source/SimpleBlur.mxml.html"/>
			<node icon="mxmlAppIcon" selected="true" label="UponFurtherReflection.mxml" url="source/UponFurtherReflection.mxml.html"/>
		</node>
	</nodes>
	<zipfile label="Download source (ZIP, 14K)" url="Filters.zip">
	</zipfile>
	<sdklink label="Download Flex SDK" url="http://www.adobe.com/go/flex4_sdk_download">
	</sdklink>
</index>
