<?xml version="1.0" encoding="UTF-8"?>
<index>
	<title>Source of BasicEffects</title>
	<nodes>
		<node label="src">
			<node icon="mxmlAppIcon" selected="true" label="AnimateButtonLabelColor.mxml" url="source/AnimateButtonLabelColor.mxml.html"/>
			<node icon="mxmlIcon" label="AnimateButtons.mxml" url="source/AnimateButtons.mxml.html"/>
			<node icon="mxmlIcon" label="AnimatedGradient.mxml" url="source/AnimatedGradient.mxml.html"/>
			<node icon="mxmlIcon" label="AutoFade.mxml" url="source/AutoFade.mxml.html"/>
			<node icon="mxmlIcon" label="FadeButtons.mxml" url="source/FadeButtons.mxml.html"/>
			<node icon="mxmlIcon" label="MovingConstraints.mxml" url="source/MovingConstraints.mxml.html"/>
			<node icon="mxmlIcon" label="ResizingConstraints.mxml" url="source/ResizingConstraints.mxml.html"/>
			<node icon="mxmlIcon" label="RotationLocation.mxml" url="source/RotationLocation.mxml.html"/>
			<node icon="mxmlIcon" label="TransformedButton.mxml" url="source/TransformedButton.mxml.html"/>
		</node>
	</nodes>
	<zipfile label="Download source (ZIP, 12K)" url="BasicEffects.zip">
	</zipfile>
	<sdklink label="Download Flex SDK" url="http://www.adobe.com/go/flex4_sdk_download">
	</sdklink>
</index>
